AAACGGCGAGCCCTTT,AGCCCTTTCTGCAGCC,CTGCAGCCCATGGCAG,CATGGCAGGGCATACT,GGCATACTGAACATGA,GAACATGATAACGTCC,TAACGTCCTGTGCCGT,TGTGCCGTACAACTTG,ACAACTTGACAGCAAC,ACAGCAACCTTTCCTT,CTTTCCTTCGGGAACG,CGGGAACGGCCAACAA,GCCAACAAGGTCGAGC,GGTCGAGCTCATCCTT,TCATCCTTTTATCTGA,TTATCTGAATCGTACT,ATCGTACTAACGCGAA,AACGCGAACTTCTGTT,CTTCTGTTCAAGGTCT,CAAGGTCTGCCACGTA,GCCACGTAGAACGGTC,GAACGGTCTCCAGATA,TCCAGATATTTGCGTC,TTTGCGTCAAACGGCG
AGACTTTCAATCACTA,AATCACTACGTAGGTT,CGTAGGTTCTTAGTCA,CTTAGTCAGGTACGGG,GGTACGGGGAGGTTTA,GAGGTTTATTGTTCTA,TTGTTCTATTTATCCC,TTTATCCCAGATCGGT,AGATCGGTATCTGATC,ATCTGATCCGACTCTT,CGACTCTTCCGTTATG,CCGTTATGGTGGAGCA,GTGGAGCAGACACAAT,GACACAATTTCGTGAA,TTCGTGAATGCGATCA,TGCGATCAAGACGGAT,AGACGGATATGCCAAA,ATGCCAAACCGGATCC,CCGGATCCCTCAAGAC,CTCAAGACGGGACACA,GGGACACAGCGGGCAT,GCGGGCATTGGGAGCT,TGGGAGCTTTGCGTCG,TTGCGTCGAGACTTTC
CCTACCATCAAGTCCA,CAAGTCCAGCCTTTAT,GCCTTTATGTCTTTGA,GTCTTTGATCACACTC,TCACACTCTGCATCTG,TGCATCTGAAGACGTG,AAGACGTGAGCCTATG,AGCCTATGCTCCAACA,CTCCAACACGCAATTT,CGCAATTTGGACAGGG,GGACAGGGGACCTCTC,GACCTCTCTATTGGTG,TATTGGTGTTAGATTG,TTAGATTGAGTCTGTA,AGTCTGTAAACGACAC,AACGACACCATCAGTG,CATCAGTGCTATTTGG,CTATTTGGGAATGCAC,GAATGCACGTTAAGTG,GTTAAGTGTGATTAAC,TGATTAACTGTTCACG,TGTTCACGAGCAGTTA,AGCAGTTAAATTGAAC,AATTGAACCCTACCAT
CCGAGGCACCGAGAAC,CCGAGAACGACGACGG,GACGACGGGAGCCCAT,GAGCCCATTCAGTCAA,TCAGTCAATTAAGCCT,TTAAGCCTATTACCGG,ATTACCGGAAGTACTC,AAGTACTCCATCGTCG,CATCGTCGCGTGCTAA,CGTGCTAAGTTTGTGG,GTTTGTGGGGTAATGT,GGTAATGTTCTATTAG,TCTATTAGTGTGATGC,TGTGATGCACACCTAA,ACACCTAAACTGGAGC,ACTGGAGCCCTTTAGA,CCTTTAGACCTTATCG,CCTTATCGGGTCGCAT,GGTCGCATGGATGAGT,GGATGAGTTTTCTTGT,TTTCTTGTTACCCGGC,TACCCGGCAGGATCGA,AGGATCGAACGAGTAG,ACGAGTAGCCGAGGCA
GGCGTTTCGTGAGAAG,GTGAGAAGTGTAGCGG,TGTAGCGGTCGCAATT,TCGCAATTATCCAAGG,ATCCAAGGATTGAAAC,ATTGAAACCCATGTGT,CCATGTGTCTAACGCA,CTAACGCAGAGTGCGT,GAGTGCGTGAGTTGCG,GAGTTGCGTAGGTAAA,TAGGTAAATTATGGAA,TTATGGAAATCGCTCC,ATCGCTCCATGGTTAG,ATGGTTAGCAGAATAG,CAGAATAGCGTCCTCT,CGTCCTCTGGGACTAC,GGGACTACGCGCACCT,GCGCACCTTCCACACG,TCCACACGTGCCCAGA,TGCCCAGAAGTTAGTT,AGTTAGTTATTCGTGC,ATTCGTGCCTTGTACC,CTTGTACCCCAGTGGA,CCAGTGGAGGCGTTTC
GATGCAGTGTAGTGCG,GTAGTGCGTTACCTAC,TTACCTACTGCGAATG,TGCGAATGATGAAGTA,ATGAAGTAAGCACTGG,AGCACTGGCAGTAATT,CAGTAATTCTTGGAGA,CTTGGAGAGTCATATA,GTCATATAGAGAAGGG,GAGAAGGGTAGACGAC,TAGACGACTAAGCCAC,TAAGCCACAAACTCAT,AAACTCATAACGGTCA,AACGGTCACGTTTGGG,CGTTTGGGCGGTCGTG,CGGTCGTGGTCGACTC,GTCGACTCGAAGTCTT,GAAGTCTTTTAACGTG,TTAACGTGTCGGCCCA,TCGGCCCAACCTGCCA,ACCTGCCAATTTCAGC,ATTTCAGCCACGATTC,CACGATTCCAATCCCT,CAATCCCTGATGCAGT
TTGTAAGATCTTAGGC,TCTTAGGCAACAAGTC,AACAAGTCAGCTGACG,AGCTGACGCCGTTGAA,CCGTTGAACAGCCCGA,CAGCCCGAGTTCACAA,GTTCACAAGCTTACAT,GCTTACATTGTGTGAC,TGTGTGACTTTCGCGA,TTTCGCGAATCGCCAT,ATCGCCATACGCGGAA,ACGCGGAACCGTACAG,CCGTACAGCATTGATA,CATTGATAGCCTCCGT,GCCTCCGTGCATGATA,GCATGATATCATGCGA,TCATGCGATGTAGATC,TGTAGATCACCCGAGA,ACCCGAGAAGTTGGGA,AGTTGGGACACGCACG,CACGCACGCGCGTGCA,CGCGTGCAGAACCCGG,GAACCCGGGTCCATTG,GTCCATTGTTGTAAGA
TTCTACAGTGCTCTGT,TGCTCTGTATGTCCAG,ATGTCCAGAGCTTCTC,AGCTTCTCCGCCGAAC,CGCCGAACCATTACAC,CATTACACGCCGGTAA,GCCGGTAAGGAACTCT,GGAACTCTTCGGACAC,TCGGACACTCACTCCT,TCACTCCTAGGGCGTT,AGGGCGTTACCCGCAC,ACCCGCACCGGGAGTA,CGGGAGTACCGAACTC,CCGAACTCGACAAACC,GACAAACCGAAATCAA,GAAATCAATAGACTCG,TAGACTCGTGCAGGGC,TGCAGGGCAACGGGTG,AACGGGTGAAGAGCGG,AAGAGCGGCTTCATAC,CTTCATACCGAGTGAT,CGAGTGATGTATCGAG,GTATCGAGGTCCAGGC,GTCCAGGCTTCTACAG
ACGAAAGCAGGCTGGT,AGGCTGGTCGGCTCCA,CGGCTCCACCGGTGTC,CCGGTGTCGGAAGCTC,GGAAGCTCGCCATTTG,GCCATTTGTGCGTACC,TGCGTACCTAGGGTGC,TAGGGTGCAGTAAGCA,AGTAAGCAATTGTTTC,ATTGTTTCCATAAAGG,CATAAAGGCGCTATCC,CGCTATCCGATAGGTA,GATAGGTAGCAAACGC,GCAAACGCTTAGGACC,TTAGGACCTTGATGGG,TTGATGGGAACACAGC,AACACAGCATGCCGGC,ATGCCGGCCAAACTTT,CAAACTTTCCAGAAAG,CCAGAAAGGTACTTAA,GTACTTAAGAATACTG,GAATACTGTCGTAGAT,TCGTAGATTGGACCCT,TGGACCCTACGAAAGC
ATGCGATTATAACCTA,ATAACCTACGACGTCA,CGACGTCACCTGCGGT,CCTGCGGTGAAGCTCG,GAAGCTCGGTGCGACA,GTGCGACATGACTGCC,TGACTGCCTCCCTGAG,TCCCTGAGAGTCTCAG,AGTCTCAGATACTGAG,ATACTGAGCTATACGC,CTATACGCCATGCGTA,CATGCGTAGTCACAGG,GTCACAGGGGTCCAAG,GGTCCAAGTTGGGCTT,TTGGGCTTTTCCATCT,TTCCATCTATAGTATG,ATAGTATGAAGCATAA,AAGCATAACTAATTCT,CTAATTCTCTTGTTAT,CTTGTTATGGAATATG,GGAATATGGACCGCCA,GACCGCCATCTCGACT,TCTCGACTTGTGTATA,TGTGTATAATGCGATT
CGCCCGTACACAACTA,CACAACTAGTATGTAT,GTATGTATGTAAACAT,GTAAACATTATGCTCT,TATGCTCTTGATGGCT,TGATGGCTAGGTCATA,AGGTCATAATGATACG,ATGATACGCCGGTAAT,CCGGTAATCGCAGGAG,CGCAGGAGGGGTTTCC,GGGTTTCCGTTGCATG,GTTGCATGTGACTAGT,TGACTAGTTGCCCGCT,TGCCCGCTATTGGACG,ATTGGACGAGGGACTG,AGGGACTGCGGTTTAG,CGGTTTAGCCTAATTA,CCTAATTAGGTTAGAC,GGTTAGACGTGCCCTC,GTGCCCTCTCGAGCGC,TCGAGCGCTCGACAAT,TCGACAATATGGTCGC,ATGGTCGCACGCTTGG,ACGCTTGGCGCCCGTA
CATATGCGCGGTGAGC,CGGTGAGCGCTATAGC,GCTATAGCGTACAACG,GTACAACGTCTTTCGT,TCTTTCGTTCAGTGTT,TCAGTGTTACACCGGG,ACACCGGGAGCTCGAG,AGCTCGAGCAATGGCA,CAATGGCACGGAGACT,CGGAGACTGCTCGTCA,GCTCGTCAGTGATAGT,GTGATAGTTCTTGTCC,TCTTGTCCTTATTGGT,TTATTGGTACTTCACT,ACTTCACTAAATCGTC,AAATCGTCCCGCGTCT,CCGCGTCTCCCATCGC,CCCATCGCGCTTCAAC,GCTTCAACGGCCCATC,GGCCCATCTAGGCGGT,TAGGCGGTTCGAATTG,TCGAATTGATATGAGA,ATATGAGAAGAAACGT,AGAAACGTCATATGCG
GTTTGCCTGTTGGTCC,GTTGGTCCTCTGCAGG,TCTGCAGGTATCCTGA,TATCCTGAATTGGGAA,ATTGGGAAACGGGACT,ACGGGACTCTCATCAT,CTCATCATCCACAGAA,CCACAGAAGTATCTTC,GTATCTTCGCACCAGT,GCACCAGTTCACGGTA,TCACGGTATAAATCGT,TAAATCGTAGGCTACC,AGGCTACCAAGTTGAT,AAGTTGATCAGCTTAC,CAGCTTACCCTCTAAC,CCTCTAACGTACGGCT,GTACGGCTGACTTCCT,GACTTCCTTTGGTCCG,TTGGTCCGTACATTCT,TACATTCTAAGCGTGT,AAGCGTGTACCATTAA,ACCATTAACGACATAG,CGACATAGCGCTACAT,CGCTACATGTTTGCCT
GGATACGAGATCTTAT,GATCTTATTACGAGTT,TACGAGTTTAGAGTAA,TAGAGTAAATGCATTC,ATGCATTCACTCAGAC,ACTCAGACCATAATCC,CATAATCCCAGGAAGA,CAGGAAGAGCCGAAGT,GCCGAAGTGATGCCTC,GATGCCTCTACATAAG,TACATAAGTGATATCG,TGATATCGAGCTGCGT,AGCTGCGTACATTCCG,ACATTCCGCGAAGTTG,CGAAGTTGCTTCGAAT,CTTCGAATGGCTCCAC,GGCTCCACGGTTGATG,GGTTGATGTGGCACGA,TGGCACGATCATAGCA,TCATAGCAACCTACTG,ACCTACTGAGATAACA,AGATAACACACCTCAG,CACCTCAGCACTCAAC,CACTCAACGGATACGA
TAAGTTAGTCATCAAG,TCATCAAGAAAGCATA,AAAGCATAAGAACGCC,AGAACGCCCAGTCTGG,CAGTCTGGCTTTCGAC,CTTTCGACGCTGAGGG,GCTGAGGGGACTGTTC,GACTGTTCTACCGCGG,TACCGCGGTAGTACCA,TAGTACCAACCAGTCC,ACCAGTCCACTACTGT,ACTACTGTCTAGCTGT,CTAGCTGTCCCACCCA,CCCACCCAGGCAAGGA,GGCAAGGAGACAGGCT,GACAGGCTTCTGACTA,TCTGACTATGAGGAAG,TGAGGAAGAGGGATGA,AGGGATGAACGTTCAC,ACGTTCACCTTGACCG,CTTGACCGCTGGACGT,CTGGACGTGATTCGCT,GATTCGCTGAAAGACA,GAAAGACATAAGTTAG
TCCGCTACTCCGAGCG,TCCGAGCGACGTTACA,ACGTTACAACATTGGC,ACATTGGCCACTGACT,CACTGACTCGCTCAGG,CGCTCAGGGGCGGAAT,GGCGGAATGCACGTTT,GCACGTTTTTGACTTC,TTGACTTCTCCTATGA,TCCTATGAACCGAACA,ACCGAACAATCCGGCA,ATCCGGCACAACCATC,CAACCATCCTGCGGTA,CTGCGGTAGAGCACGC,GAGCACGCGCGATCGG,GCGATCGGTATAAGGA,TATAAGGATTAGCGCT,TTAGCGCTAACTTAGA,AACTTAGAAATCTTTG,AATCTTTGCAAGGGAC,CAAGGGACCTTATTTG,CTTATTTGGCTACTTC,GCTACTTCGCTGTGTA,GCTGTGTATCCGCTAC
